user_id,county,dependants,monthly_income_kes,joined_at,is_synthetic
U00000,Nairobi,1,90467.7,2025-02-21,True
U00001,Kisumu,2,42264.94,2025-06-10,True
U00002,Kisumu,3,52154.38,2024-07-19,True
U00003,Nakuru,2,28267.58,2024-05-02,True
U00004,Kiambu,1,103214.47,2025-02-13,True
U00005,Machakos,1,57098.49,2024-04-15,True
U00006,Kakamega,4,31621.47,2025-02-06,True
U00007,Machakos,0,29420.66,2024-04-12,True
U00008,Kakamega,3,22008.14,2024-08-24,True
U00009,Nakuru,1,54021.38,2025-03-10,True
U00010,Machakos,0,54751.19,2024-04-17,True
U00011,Mombasa,1,38763.55,2025-02-25,True
U00012,Nakuru,1,18982.6,2024-12-26,True
U00013,Kisumu,2,77807.07,2024-10-25,True
U00014,Kakamega,1,20778.99,2024-04-25,True
U00015,Machakos,1,68275.45,2024-05-31,True
U00016,Kakamega,1,53881.98,2024-12-24,True
U00017,Nairobi,2,78263.36,2024-02-18,True
U00018,Kakamega,2,60432.77,2024-03-23,True
U00019,Uasin Gishu,1,20530.18,2024-12-06,True
U00020,Mombasa,2,44740.26,2025-05-05,True
U00021,Mombasa,1,49198.96,2025-01-22,True
U00022,Kiambu,0,66909.73,2024-09-03,True
U00023,Nakuru,2,35797.58,2025-04-07,True
U00024,Kiambu,2,30008.71,2024-11-11,True
U00025,Kiambu,1,64115.77,2024-09-23,True
U00026,Machakos,3,37689.74,2024-04-02,True
U00027,Mombasa,4,31509.67,2024-01-13,True
U00028,Mombasa,1,69185.29,2024-09-19,True
U00029,Machakos,1,37163.86,2024-05-24,True
U00030,Mombasa,3,50481.85,2025-03-22,True
U00031,Uasin Gishu,1,53100.46,2024-12-29,True
U00032,Mombasa,3,28707.09,2024-02-28,True
U00033,Kisumu,3,79763.05,2024-07-19,True
U00034,Uasin Gishu,1,44495.52,2024-06-06,True
U00035,Kisumu,1,24903.93,2024-01-25,True
U00036,Machakos,3,54652.11,2025-04-26,True
U00037,Mombasa,1,69733.38,2024-12-23,True
U00038,Nairobi,0,148451.02,2025-05-20,True
U00039,Uasin Gishu,2,24752.65,2024-04-06,True
U00040,Mombasa,1,50348.53,2025-06-08,True
U00041,Mombasa,2,17836.88,2024-03-12,True
U00042,Machakos,0,38861.94,2024-11-09,True
U00043,Machakos,0,61097.21,2024-03-11,True
U00044,Kiambu,2,109945.01,2024-09-20,True
U00045,Nakuru,2,52784.44,2024-01-14,True
U00046,Uasin Gishu,4,127749.64,2024-08-14,True
U00047,Nakuru,3,56979.07,2024-09-09,True
U00048,Mombasa,0,50370.06,2025-03-06,True
U00049,Nairobi,1,56849.1,2024-07-21,True
U00050,Kisumu,0,27513.02,2024-05-13,True
U00051,Kakamega,2,50573.38,2024-02-05,True
U00052,Kakamega,3,53233.67,2024-03-18,True
U00053,Nakuru,0,41371.33,2024-03-03,True
U00054,Nakuru,2,52174.16,2024-11-15,True
U00055,Uasin Gishu,3,54156.59,2025-04-17,True
U00056,Kiambu,2,65145.74,2024-05-14,True
U00057,Nairobi,0,77969.96,2025-03-26,True
U00058,Machakos,4,36033.34,2025-05-02,True
U00059,Kisumu,0,43785.55,2025-02-24,True
U00060,Machakos,1,51463.11,2024-09-06,True
U00061,Nakuru,1,123859.0,2024-09-15,True
U00062,Uasin Gishu,1,25500.9,2024-06-25,True
U00063,Uasin Gishu,1,86954.45,2025-05-09,True
U00064,Nakuru,3,40690.19,2024-12-18,True
U00065,Kiambu,0,81020.65,2025-01-31,True
U00066,Kakamega,0,114082.88,2024-11-27,True
U00067,Uasin Gishu,4,34218.07,2024-03-15,True
U00068,Kakamega,4,42674.43,2025-03-05,True
U00069,Kisumu,0,94946.44,2024-11-28,True
U00070,Uasin Gishu,2,57136.75,2024-10-09,True
U00071,Kiambu,0,22076.96,2025-05-17,True
U00072,Uasin Gishu,2,71191.82,2024-08-14,True
U00073,Machakos,0,29047.82,2025-02-15,True
U00074,Kakamega,4,23414.96,2024-03-20,True
U00075,Kiambu,4,58890.5,2024-10-25,True
U00076,Uasin Gishu,2,72298.9,2025-06-16,True
U00077,Kakamega,0,101282.1,2024-12-10,True
U00078,Nairobi,3,30079.35,2024-09-02,True
U00079,Nairobi,3,69699.67,2024-06-12,True
U00080,Nairobi,1,77084.86,2025-04-19,True
U00081,Kisumu,3,67317.95,2024-02-18,True
U00082,Machakos,0,37608.34,2025-02-23,True
U00083,Nairobi,0,20006.59,2024-01-03,True
U00084,Mombasa,0,83183.73,2025-04-03,True
U00085,Machakos,3,44959.29,2025-01-11,True
U00086,Kisumu,2,31731.89,2025-02-06,True
U00087,Nairobi,0,93150.5,2024-04-14,True
U00088,Kisumu,2,65298.87,2024-01-30,True
U00089,Nakuru,0,35710.9,2024-04-03,True
U00090,Kisumu,2,60259.21,2025-02-27,True
U00091,Kisumu,2,90456.01,2024-06-11,True
U00092,Kiambu,1,63830.94,2024-03-21,True
U00093,Kakamega,0,75754.8,2024-03-13,True
U00094,Nakuru,1,30287.9,2024-12-08,True
U00095,Kisumu,0,42804.19,2024-06-20,True
U00096,Nairobi,2,47863.43,2024-11-05,True
U00097,Kisumu,3,90288.46,2024-06-19,True
U00098,Kisumu,1,110626.46,2024-07-13,True
U00099,Machakos,1,30419.02,2024-09-28,True
U00100,Nakuru,0,69073.63,2024-09-23,True
U00101,Nairobi,1,50525.32,2024-05-31,True
U00102,Kakamega,3,18417.22,2024-01-08,True
U00103,Kiambu,0,10318.32,2024-11-20,True
U00104,Nakuru,1,61861.33,2025-02-20,True
U00105,Kakamega,0,64748.67,2024-12-12,True
U00106,Uasin Gishu,3,111466.4,2024-03-30,True
U00107,Machakos,0,101077.26,2025-06-18,True
U00108,Machakos,1,110429.61,2025-02-11,True
U00109,Kiambu,0,22270.08,2025-05-04,True
U00110,Kakamega,1,27192.97,2024-11-12,True
U00111,Machakos,2,40626.71,2024-12-10,True
U00112,Uasin Gishu,1,65514.67,2024-07-16,True
U00113,Kisumu,3,47941.88,2025-02-19,True
U00114,Nairobi,1,36723.11,2025-04-04,True
U00115,Uasin Gishu,0,74657.38,2024-12-06,True
U00116,Kisumu,1,55772.27,2025-05-15,True
U00117,Nakuru,2,53171.1,2024-05-30,True
U00118,Kakamega,2,51186.18,2024-09-14,True
U00119,Kisumu,3,74500.77,2025-02-26,True
U00120,Uasin Gishu,2,110379.21,2024-10-25,True
U00121,Machakos,2,36989.38,2025-01-31,True
U00122,Kisumu,1,78635.4,2025-02-23,True
U00123,Kiambu,3,106203.53,2024-08-10,True
U00124,Mombasa,3,70479.21,2025-05-14,True
U00125,Mombasa,2,25173.94,2024-02-29,True
U00126,Uasin Gishu,3,51972.38,2025-02-03,True
U00127,Kiambu,0,61087.9,2025-04-08,True
U00128,Machakos,3,98813.75,2024-08-04,True
U00129,Kisumu,3,40245.3,2024-07-06,True
U00130,Nairobi,3,32455.87,2024-05-28,True
U00131,Nakuru,3,148128.17,2025-01-22,True
U00132,Kisumu,2,19414.53,2024-03-14,True
U00133,Kiambu,0,131861.16,2024-09-25,True
U00134,Kisumu,1,55448.75,2024-01-10,True
U00135,Kakamega,2,25514.25,2025-06-01,True
U00136,Nakuru,1,62441.99,2024-05-06,True
U00137,Kiambu,2,35579.88,2024-11-15,True
U00138,Kiambu,3,65119.11,2024-03-24,True
U00139,Kisumu,1,70929.63,2025-02-27,True
U00140,Mombasa,3,43353.57,2025-03-15,True
U00141,Mombasa,2,43607.87,2024-02-25,True
U00142,Kiambu,4,33439.02,2024-01-20,True
U00143,Kisumu,1,45027.97,2024-02-05,True
U00144,Machakos,1,83165.19,2024-03-01,True
U00145,Kakamega,1,59840.72,2024-06-12,True
U00146,Nakuru,0,42658.29,2025-04-10,True
U00147,Nakuru,3,27298.92,2024-08-20,True
U00148,Kisumu,1,30274.44,2024-05-10,True
U00149,Kiambu,0,28464.75,2025-05-17,True
U00150,Kisumu,0,58607.95,2024-01-26,True
U00151,Machakos,0,13568.97,2024-01-17,True
U00152,Kiambu,3,55638.78,2024-11-14,True
U00153,Nakuru,2,29308.55,2024-03-28,True
U00154,Kisumu,2,134254.06,2024-09-02,True
U00155,Kiambu,3,67209.29,2024-06-20,True
U00156,Uasin Gishu,0,54885.17,2024-06-20,True
U00157,Uasin Gishu,2,114755.87,2024-03-30,True
U00158,Nairobi,2,60272.38,2025-04-25,True
U00159,Nairobi,1,29247.26,2024-04-03,True
U00160,Kisumu,2,50611.88,2025-06-20,True
U00161,Nakuru,2,44080.73,2024-10-16,True
U00162,Kiambu,2,19721.75,2024-06-08,True
U00163,Kiambu,3,53829.07,2024-05-04,True
U00164,Kisumu,2,102097.01,2024-08-01,True
U00165,Uasin Gishu,1,51279.19,2025-06-15,True
U00166,Mombasa,1,38994.74,2024-10-07,True
U00167,Kiambu,0,28155.01,2025-01-03,True
U00168,Kakamega,3,22118.76,2025-04-08,True
U00169,Uasin Gishu,1,42654.04,2025-04-19,True
U00170,Kisumu,2,27047.97,2025-02-26,True
U00171,Machakos,0,102401.39,2025-03-06,True
U00172,Kiambu,1,138233.1,2025-06-12,True
U00173,Uasin Gishu,2,72676.27,2024-06-21,True
U00174,Kisumu,1,82898.92,2025-05-20,True
U00175,Machakos,0,58998.65,2024-03-11,True
U00176,Uasin Gishu,0,44065.7,2024-05-11,True
U00177,Nakuru,0,38293.57,2024-04-19,True
U00178,Kiambu,1,78473.96,2024-01-25,True
U00179,Kakamega,0,37115.61,2024-02-29,True
U00180,Machakos,4,25347.39,2025-05-01,True
U00181,Nakuru,1,37783.2,2024-03-15,True
U00182,Uasin Gishu,2,36350.0,2024-11-29,True
U00183,Nairobi,2,37261.84,2025-04-05,True
U00184,Machakos,2,43064.11,2024-08-06,True
U00185,Nakuru,3,23730.05,2024-03-06,True
U00186,Kisumu,1,68269.39,2024-04-06,True
U00187,Kiambu,3,31025.4,2025-04-04,True
U00188,Mombasa,0,34192.63,2024-05-12,True
U00189,Mombasa,1,50175.02,2024-10-06,True
U00190,Mombasa,0,70487.92,2024-03-12,True
U00191,Kiambu,2,27978.49,2024-03-29,True
U00192,Nakuru,3,77992.9,2024-03-05,True
U00193,Kakamega,1,50414.68,2024-08-04,True
U00194,Machakos,1,59874.82,2025-02-04,True
U00195,Kisumu,1,38539.16,2024-01-28,True
U00196,Uasin Gishu,0,48904.66,2025-03-04,True
U00197,Machakos,4,40571.9,2024-01-02,True
U00198,Machakos,0,44052.55,2024-03-10,True
U00199,Uasin Gishu,2,83544.67,2024-06-21,True
U00200,Nairobi,4,25799.4,2024-09-12,True
U00201,Kakamega,0,19360.25,2025-04-01,True
U00202,Machakos,1,105360.14,2024-12-22,True
U00203,Nakuru,2,73028.79,2024-08-05,True
U00204,Mombasa,2,36883.17,2024-08-14,True
U00205,Mombasa,0,79631.26,2024-03-08,True
U00206,Mombasa,1,121769.6,2024-01-11,True
U00207,Machakos,2,48061.37,2024-05-13,True
U00208,Mombasa,2,65541.89,2024-06-02,True
U00209,Kisumu,4,15161.75,2025-01-13,True
U00210,Nairobi,4,66938.28,2024-06-22,True
U00211,Kisumu,3,86510.54,2024-08-04,True
U00212,Machakos,1,79792.15,2025-04-06,True
U00213,Machakos,0,34746.16,2024-06-29,True
U00214,Kakamega,2,37462.19,2025-06-12,True
U00215,Uasin Gishu,0,49413.38,2024-09-03,True
U00216,Nakuru,1,106572.85,2024-11-12,True
U00217,Kisumu,0,27891.22,2024-03-31,True
U00218,Kiambu,2,28541.87,2024-03-15,True
U00219,Mombasa,0,113786.1,2024-04-13,True
U00220,Mombasa,0,50687.38,2025-06-13,True
U00221,Nakuru,2,22201.08,2025-04-22,True
U00222,Kiambu,2,52936.31,2024-08-16,True
U00223,Nairobi,4,57705.45,2025-06-19,True
U00224,Nairobi,1,111474.89,2025-06-11,True
U00225,Mombasa,1,80984.75,2024-12-29,True
U00226,Kakamega,1,94977.39,2024-08-12,True
U00227,Kiambu,0,55028.72,2025-04-27,True
U00228,Mombasa,0,70565.24,2024-10-15,True
U00229,Machakos,0,40253.54,2025-02-22,True
U00230,Nairobi,3,36614.0,2024-03-20,True
U00231,Nairobi,1,121618.5,2024-02-20,True
U00232,Kiambu,2,135605.32,2024-09-29,True
U00233,Uasin Gishu,2,66510.86,2024-04-22,True
U00234,Kiambu,3,58302.39,2024-04-04,True
U00235,Kakamega,1,44540.86,2024-12-18,True
U00236,Kakamega,0,21816.82,2025-04-16,True
U00237,Mombasa,2,34308.74,2025-01-31,True
U00238,Nakuru,0,25458.23,2024-01-15,True
U00239,Mombasa,2,22845.4,2024-08-14,True
U00240,Machakos,1,22590.16,2024-05-26,True
U00241,Machakos,0,21906.21,2024-02-05,True
U00242,Machakos,3,108447.02,2024-04-02,True
U00243,Nakuru,0,140803.84,2024-02-02,True
U00244,Nairobi,0,28929.07,2024-04-25,True
U00245,Nairobi,3,41323.36,2024-03-13,True
U00246,Kisumu,0,81908.99,2024-07-11,True
U00247,Nairobi,0,28059.85,2025-05-17,True
U00248,Nakuru,3,46742.85,2024-03-06,True
U00249,Kiambu,0,70286.83,2025-06-22,True
U00250,Nairobi,3,44255.99,2024-11-07,True
U00251,Kisumu,4,52745.02,2024-09-23,True
U00252,Nakuru,1,67296.35,2024-03-10,True
U00253,Nairobi,1,44710.47,2024-11-14,True
U00254,Nakuru,4,43586.2,2025-05-15,True
U00255,Kakamega,1,49484.21,2024-11-02,True
U00256,Kakamega,1,109112.14,2024-07-05,True
U00257,Kakamega,0,32773.92,2024-07-29,True
U00258,Kisumu,3,71918.12,2025-03-22,True
U00259,Uasin Gishu,1,55867.71,2025-05-25,True
U00260,Kisumu,2,61431.66,2024-01-21,True
U00261,Kiambu,1,81623.94,2025-04-05,True
U00262,Kakamega,3,126153.57,2024-06-27,True
U00263,Uasin Gishu,2,14108.1,2024-03-27,True
U00264,Nairobi,3,31678.53,2025-06-04,True
U00265,Kisumu,0,70508.98,2024-07-21,True
U00266,Uasin Gishu,2,89649.17,2025-06-14,True
U00267,Kiambu,3,36346.53,2024-03-04,True
U00268,Uasin Gishu,0,55959.73,2025-04-17,True
U00269,Kisumu,2,49682.61,2024-03-29,True
U00270,Kisumu,1,20988.98,2024-09-06,True
U00271,Nakuru,0,77571.5,2024-07-04,True
U00272,Nakuru,0,68781.83,2025-06-10,True
U00273,Mombasa,1,70127.02,2024-08-19,True
U00274,Nakuru,0,32019.47,2025-06-01,True
U00275,Nakuru,4,23536.82,2024-01-25,True
U00276,Nairobi,0,48682.91,2025-03-26,True
U00277,Uasin Gishu,1,75322.52,2024-08-02,True
U00278,Machakos,1,25126.93,2024-04-12,True
U00279,Kiambu,3,83131.85,2025-01-17,True
U00280,Uasin Gishu,3,61784.3,2024-03-09,True
U00281,Kiambu,2,10886.58,2025-06-08,True
U00282,Mombasa,1,109473.21,2024-07-14,True
U00283,Uasin Gishu,4,102552.45,2024-08-28,True
U00284,Machakos,4,65055.59,2024-04-21,True
U00285,Machakos,0,39079.25,2025-06-11,True
U00286,Kiambu,2,60652.46,2024-04-15,True
U00287,Machakos,3,159195.96,2024-04-19,True
U00288,Kiambu,0,179560.43,2024-07-06,True
U00289,Machakos,2,41621.15,2024-07-23,True
U00290,Kiambu,2,82917.51,2024-12-18,True
U00291,Kakamega,4,25144.16,2024-04-01,True
U00292,Kisumu,1,39484.1,2024-10-07,True
U00293,Kisumu,1,61326.79,2024-09-15,True
U00294,Uasin Gishu,0,163528.41,2024-12-10,True
U00295,Mombasa,0,72915.93,2024-09-13,True
U00296,Kakamega,2,148464.19,2024-08-19,True
U00297,Nakuru,2,32154.91,2024-12-23,True
U00298,Uasin Gishu,1,22427.58,2025-03-14,True
U00299,Kisumu,0,93378.91,2025-02-06,True
U00300,Kiambu,0,166869.27,2025-04-28,True
U00301,Mombasa,1,75089.84,2024-04-16,True
U00302,Kiambu,0,85399.78,2025-01-17,True
U00303,Nakuru,1,47305.39,2024-05-27,True
U00304,Kiambu,1,62925.4,2024-02-07,True
U00305,Kiambu,3,37370.42,2024-08-30,True
U00306,Kiambu,1,16534.61,2024-09-09,True
U00307,Kiambu,0,71227.71,2024-05-27,True
U00308,Kakamega,2,28286.59,2024-05-07,True
U00309,Nairobi,4,13196.12,2025-04-13,True
U00310,Kisumu,1,97229.8,2025-03-03,True
U00311,Nakuru,1,56784.68,2024-09-23,True
U00312,Kakamega,0,63284.62,2024-02-28,True
U00313,Uasin Gishu,3,72223.49,2025-04-16,True
U00314,Machakos,4,17538.13,2024-11-23,True
U00315,Kiambu,0,35375.62,2024-04-01,True
U00316,Nairobi,2,40105.32,2025-03-26,True
U00317,Kakamega,3,45264.73,2024-05-22,True
U00318,Nakuru,0,25259.2,2024-05-07,True
U00319,Kakamega,0,37136.68,2024-08-21,True
U00320,Uasin Gishu,0,46246.73,2025-03-26,True
U00321,Kakamega,0,38528.78,2024-01-21,True
U00322,Kiambu,2,14512.68,2024-08-01,True
U00323,Kisumu,1,23159.57,2024-08-09,True
U00324,Kiambu,1,62858.03,2025-06-14,True
U00325,Kakamega,2,78143.68,2025-01-29,True
U00326,Kiambu,1,69675.93,2024-04-10,True
U00327,Kisumu,0,43775.99,2025-03-09,True
U00328,Nairobi,1,297400.37,2025-05-24,True
U00329,Mombasa,0,56512.94,2024-01-19,True
U00330,Nakuru,3,13193.67,2025-05-10,True
U00331,Machakos,1,29572.95,2025-04-13,True
U00332,Nairobi,4,22677.51,2025-02-25,True
U00333,Kiambu,2,69483.42,2024-10-11,True
U00334,Nakuru,0,49328.55,2024-03-04,True
U00335,Machakos,3,35344.82,2024-08-01,True
U00336,Mombasa,1,23264.2,2025-01-01,True
U00337,Nairobi,3,222531.4,2025-01-24,True
U00338,Uasin Gishu,4,31028.04,2024-09-12,True
U00339,Nairobi,3,57003.83,2024-06-02,True
U00340,Machakos,2,19211.43,2024-06-11,True
U00341,Kakamega,0,18360.5,2025-03-23,True
U00342,Kisumu,0,71522.27,2024-09-24,True
U00343,Machakos,4,34800.69,2024-08-02,True
U00344,Kisumu,2,55480.14,2025-04-12,True
U00345,Nakuru,0,18418.55,2025-02-24,True
U00346,Nakuru,2,13331.73,2025-01-18,True
U00347,Nairobi,2,105209.3,2024-08-30,True
U00348,Nairobi,2,56261.03,2024-07-07,True
U00349,Uasin Gishu,1,63514.49,2025-05-12,True
U00350,Kiambu,0,151719.25,2024-03-05,True
U00351,Kisumu,2,52362.61,2025-03-22,True
U00352,Mombasa,1,24922.59,2024-12-10,True
U00353,Kiambu,0,33567.11,2024-09-09,True
U00354,Machakos,3,22698.34,2024-05-13,True
U00355,Kakamega,2,31979.94,2024-02-11,True
U00356,Uasin Gishu,1,33338.29,2025-05-06,True
U00357,Mombasa,2,31248.42,2024-12-01,True
U00358,Kisumu,2,28119.3,2024-12-30,True
U00359,Nakuru,0,28914.31,2024-02-16,True
U00360,Nairobi,1,153024.06,2025-02-14,True
U00361,Kakamega,1,22618.83,2024-09-22,True
U00362,Nakuru,1,27888.72,2024-10-05,True
U00363,Kakamega,1,49472.83,2025-06-03,True
U00364,Kisumu,1,42626.27,2024-01-01,True
U00365,Kiambu,0,38648.27,2024-11-03,True
U00366,Kiambu,2,42060.31,2024-06-25,True
U00367,Kiambu,1,53852.17,2025-05-04,True
U00368,Machakos,1,46519.38,2024-04-30,True
U00369,Machakos,4,60945.11,2025-06-20,True
U00370,Nakuru,0,68279.41,2025-05-18,True
U00371,Kakamega,4,25886.18,2024-08-25,True
U00372,Kakamega,1,52646.97,2024-05-25,True
U00373,Kisumu,1,113402.65,2024-12-09,True
U00374,Kisumu,0,22072.58,2024-03-09,True
U00375,Nairobi,2,48460.17,2025-02-14,True
U00376,Mombasa,0,79720.44,2024-12-20,True
U00377,Machakos,3,57982.47,2024-01-12,True
U00378,Uasin Gishu,0,79922.89,2024-08-27,True
U00379,Kisumu,3,41016.05,2024-04-06,True
U00380,Machakos,2,24212.82,2024-12-22,True
U00381,Kisumu,1,110147.71,2024-06-11,True
U00382,Nairobi,2,63309.84,2024-07-09,True
U00383,Kiambu,2,22325.95,2024-11-25,True
U00384,Machakos,2,14267.31,2024-09-13,True
U00385,Kisumu,1,39267.91,2024-09-02,True
U00386,Nakuru,3,44593.44,2024-04-18,True
U00387,Kisumu,2,38841.19,2024-01-07,True
U00388,Kiambu,0,10590.67,2024-10-24,True
U00389,Nakuru,2,40229.21,2024-08-13,True
U00390,Uasin Gishu,3,84669.29,2025-01-29,True
U00391,Kakamega,2,67490.96,2025-06-07,True
U00392,Uasin Gishu,4,92687.94,2024-09-07,True
U00393,Uasin Gishu,3,31352.91,2024-07-23,True
U00394,Nairobi,2,18048.15,2024-05-19,True
U00395,Uasin Gishu,1,28180.75,2024-12-30,True
U00396,Kiambu,1,36771.81,2024-06-02,True
U00397,Nairobi,4,51149.02,2024-08-29,True
U00398,Uasin Gishu,0,39962.29,2024-09-21,True
U00399,Kisumu,0,39691.59,2024-06-03,True
U00400,Mombasa,0,140048.08,2024-05-31,True
U00401,Machakos,0,111060.92,2024-02-28,True
U00402,Machakos,1,40656.1,2025-03-13,True
U00403,Uasin Gishu,1,29205.38,2024-10-05,True
U00404,Machakos,0,79410.22,2025-05-23,True
U00405,Machakos,2,34877.13,2025-03-01,True
U00406,Mombasa,2,63268.21,2024-08-28,True
U00407,Kiambu,1,101315.82,2024-01-09,True
U00408,Kiambu,1,52394.6,2025-06-12,True
U00409,Machakos,0,64315.53,2024-09-29,True
U00410,Kakamega,0,40333.42,2025-06-08,True
U00411,Kiambu,3,58991.13,2024-05-30,True
U00412,Kiambu,1,42355.94,2024-04-10,True
U00413,Uasin Gishu,0,26344.88,2025-01-02,True
U00414,Nakuru,2,31475.5,2024-07-07,True
U00415,Nairobi,0,63338.03,2024-11-04,True
U00416,Kisumu,0,242131.86,2024-09-24,True
U00417,Mombasa,4,20353.36,2025-03-11,True
U00418,Uasin Gishu,1,52872.44,2025-06-20,True
U00419,Machakos,2,45878.56,2024-04-06,True
U00420,Mombasa,0,18561.72,2024-01-22,True
U00421,Mombasa,1,56737.03,2024-04-14,True
U00422,Mombasa,0,29205.06,2024-02-18,True
U00423,Mombasa,1,42583.9,2025-05-16,True
U00424,Nairobi,3,64378.22,2025-02-16,True
U00425,Uasin Gishu,1,29233.59,2025-03-11,True
U00426,Nakuru,0,32346.33,2025-02-19,True
U00427,Uasin Gishu,2,25579.72,2025-03-07,True
U00428,Kakamega,0,69182.69,2024-08-11,True
U00429,Machakos,3,49547.27,2024-08-17,True
U00430,Machakos,1,29927.09,2024-06-26,True
U00431,Nairobi,1,44887.96,2024-03-22,True
U00432,Kakamega,4,34043.81,2024-05-18,True
U00433,Kiambu,1,83921.23,2024-03-17,True
U00434,Mombasa,3,243728.5,2024-05-22,True
U00435,Mombasa,2,92201.49,2024-02-01,True
U00436,Mombasa,2,34575.79,2024-05-19,True
U00437,Mombasa,1,35292.26,2024-04-10,True
U00438,Nakuru,0,97977.54,2024-03-25,True
U00439,Kakamega,0,16370.74,2024-02-17,True
U00440,Mombasa,1,46714.47,2024-07-10,True
U00441,Machakos,2,61746.3,2024-05-16,True
U00442,Nairobi,2,21496.24,2024-07-02,True
U00443,Nakuru,0,37020.32,2025-04-18,True
U00444,Nakuru,0,27648.5,2024-06-09,True
U00445,Kiambu,0,53098.62,2024-04-16,True
U00446,Uasin Gishu,2,47834.54,2024-10-15,True
U00447,Mombasa,3,70075.54,2024-10-08,True
U00448,Kakamega,4,85284.89,2025-01-12,True
U00449,Nairobi,2,56730.06,2024-03-09,True
U00450,Kisumu,2,52730.17,2024-12-05,True
U00451,Nairobi,2,82339.41,2024-01-20,True
U00452,Nakuru,0,23601.31,2024-08-14,True
U00453,Uasin Gishu,3,43302.14,2024-02-20,True
U00454,Kiambu,2,24480.86,2025-06-08,True
U00455,Uasin Gishu,2,30212.78,2024-01-22,True
U00456,Kakamega,2,60758.04,2025-05-27,True
U00457,Nairobi,1,68574.48,2024-06-24,True
U00458,Kisumu,0,54266.34,2025-06-21,True
U00459,Kiambu,0,46831.69,2024-06-04,True
U00460,Machakos,0,66087.82,2024-01-18,True
U00461,Nakuru,0,135166.21,2025-06-16,True
U00462,Machakos,1,85755.53,2024-11-09,True
U00463,Nairobi,3,209522.57,2025-01-07,True
U00464,Mombasa,0,106734.94,2024-04-01,True
U00465,Nairobi,3,39636.24,2024-02-05,True
U00466,Kakamega,3,9171.48,2024-01-31,True
U00467,Mombasa,1,55490.94,2025-03-05,True
U00468,Kisumu,0,106774.9,2025-03-24,True
U00469,Kakamega,0,52368.75,2025-01-05,True
U00470,Mombasa,1,103131.25,2024-09-06,True
U00471,Nairobi,3,134385.19,2024-03-21,True
U00472,Kakamega,0,48375.07,2025-04-02,True
U00473,Mombasa,4,87169.3,2025-02-15,True
U00474,Machakos,2,15084.45,2024-11-15,True
U00475,Kiambu,0,36015.09,2025-06-19,True
U00476,Kisumu,3,49274.38,2024-11-18,True
U00477,Kiambu,2,62966.7,2024-05-13,True
U00478,Kisumu,4,41435.81,2025-01-03,True
U00479,Mombasa,0,44504.03,2024-02-27,True
U00480,Machakos,0,43844.77,2024-03-07,True
U00481,Kakamega,0,28534.33,2025-01-26,True
U00482,Nairobi,2,25768.92,2025-03-23,True
U00483,Kiambu,2,76105.21,2025-05-31,True
U00484,Nakuru,0,19224.06,2025-06-22,True
U00485,Machakos,0,42223.19,2024-11-04,True
U00486,Mombasa,2,64296.7,2024-12-20,True
U00487,Machakos,0,38427.0,2024-02-24,True
U00488,Mombasa,2,21592.26,2024-02-18,True
U00489,Nakuru,2,33833.59,2024-11-16,True
U00490,Nairobi,1,140426.54,2025-01-25,True
U00491,Nakuru,1,34877.24,2024-04-14,True
U00492,Kakamega,1,23938.7,2024-02-27,True
U00493,Machakos,0,18578.32,2025-03-09,True
U00494,Kiambu,3,54760.74,2024-01-28,True
U00495,Uasin Gishu,3,190528.6,2024-04-24,True
U00496,Machakos,3,34795.41,2025-05-28,True
U00497,Uasin Gishu,1,47802.78,2025-05-21,True
U00498,Machakos,0,23361.89,2024-03-05,True
U00499,Nairobi,2,39114.67,2024-05-02,True
U00500,Machakos,2,36242.01,2024-07-17,True
U00501,Nairobi,3,61087.61,2025-05-02,True
U00502,Kisumu,0,136589.65,2025-01-07,True
U00503,Kiambu,0,49478.3,2024-07-22,True
U00504,Kisumu,0,57070.16,2024-07-02,True
U00505,Nakuru,1,31500.58,2024-04-03,True
U00506,Nairobi,4,44292.02,2024-12-13,True
U00507,Kiambu,1,68776.41,2024-05-21,True
U00508,Nairobi,1,98507.96,2025-02-07,True
U00509,Uasin Gishu,2,70844.84,2024-02-23,True
U00510,Uasin Gishu,3,61755.92,2025-02-09,True
U00511,Machakos,0,62973.18,2025-04-08,True
U00512,Mombasa,0,53003.4,2024-02-11,True
U00513,Kiambu,1,70995.66,2024-03-30,True
U00514,Machakos,0,28942.37,2024-12-18,True
U00515,Mombasa,4,71736.22,2024-08-07,True
U00516,Kisumu,2,38473.85,2024-09-03,True
U00517,Machakos,2,18546.34,2024-05-05,True
U00518,Kisumu,2,40807.68,2024-09-23,True
U00519,Nakuru,3,58353.96,2025-04-09,True
U00520,Mombasa,4,32819.32,2024-05-03,True
U00521,Mombasa,1,192290.76,2024-07-04,True
U00522,Machakos,2,57597.7,2025-04-24,True
U00523,Kisumu,3,29159.56,2024-04-23,True
U00524,Kakamega,3,72418.55,2024-11-06,True
U00525,Kakamega,2,26503.46,2025-03-07,True
U00526,Kiambu,2,33512.73,2025-03-15,True
U00527,Nakuru,0,35517.33,2024-11-01,True
U00528,Kakamega,0,25583.53,2024-07-31,True
U00529,Kisumu,2,20095.03,2024-02-07,True
U00530,Mombasa,1,37917.95,2024-08-03,True
U00531,Machakos,2,32049.37,2025-03-17,True
U00532,Mombasa,2,50579.17,2024-03-23,True
U00533,Uasin Gishu,0,47817.62,2024-12-28,True
U00534,Nairobi,4,116318.08,2025-04-17,True
U00535,Kakamega,2,57935.01,2025-04-15,True
U00536,Kisumu,1,46148.27,2025-01-18,True
U00537,Kisumu,4,28115.71,2024-12-13,True
U00538,Nairobi,0,59196.13,2025-04-09,True
U00539,Nakuru,1,61344.14,2024-10-27,True
U00540,Nakuru,2,37966.06,2024-03-31,True
U00541,Kisumu,0,35066.02,2025-04-27,True
U00542,Kisumu,1,44084.22,2024-05-26,True
U00543,Nairobi,0,76856.67,2024-11-06,True
U00544,Machakos,3,20629.8,2024-07-13,True
U00545,Kakamega,0,14661.14,2024-01-18,True
U00546,Kisumu,3,108572.3,2025-04-21,True
U00547,Kisumu,2,31305.73,2024-10-10,True
U00548,Nairobi,4,67236.77,2024-02-09,True
U00549,Machakos,0,43879.12,2025-06-19,True
U00550,Kiambu,1,48746.82,2025-02-11,True
U00551,Kisumu,0,27676.19,2024-03-14,True
U00552,Mombasa,2,39921.1,2024-04-26,True
U00553,Nakuru,3,23894.89,2024-07-27,True
U00554,Machakos,2,46047.89,2025-04-02,True
U00555,Machakos,4,100426.12,2025-02-20,True
U00556,Kisumu,0,88113.2,2024-03-05,True
U00557,Kakamega,0,63303.51,2024-03-30,True
U00558,Nakuru,1,86708.89,2024-10-28,True
U00559,Machakos,2,75442.43,2024-06-04,True
U00560,Kakamega,1,31108.08,2025-02-03,True
U00561,Kiambu,1,80467.56,2024-04-29,True
U00562,Mombasa,2,43540.99,2024-12-13,True
U00563,Kiambu,1,30217.87,2025-02-28,True
U00564,Mombasa,0,68066.54,2024-11-13,True
U00565,Kisumu,1,39278.43,2024-07-24,True
U00566,Mombasa,2,100893.65,2025-05-22,True
U00567,Kakamega,1,57450.24,2024-08-11,True
U00568,Machakos,1,27214.04,2024-03-07,True
U00569,Machakos,1,54427.33,2024-12-01,True
U00570,Kakamega,0,33257.83,2024-04-27,True
U00571,Nairobi,0,91943.39,2024-03-28,True
U00572,Mombasa,0,79890.06,2024-04-29,True
U00573,Kiambu,4,151848.63,2024-03-20,True
U00574,Uasin Gishu,4,77601.11,2024-02-17,True
U00575,Nairobi,4,67973.27,2024-07-26,True
U00576,Uasin Gishu,4,62616.3,2024-12-16,True
U00577,Kisumu,0,35746.04,2025-01-15,True
U00578,Mombasa,0,116923.66,2024-03-24,True
U00579,Machakos,0,50057.59,2025-06-23,True
U00580,Kiambu,2,34245.01,2024-11-14,True
U00581,Kisumu,0,116630.84,2024-11-16,True
U00582,Machakos,1,25875.45,2024-09-11,True
U00583,Kiambu,0,39210.9,2025-06-16,True
U00584,Uasin Gishu,1,68828.57,2024-08-13,True
U00585,Kakamega,2,45307.88,2024-03-23,True
U00586,Kiambu,0,50034.01,2024-06-30,True
U00587,Kiambu,4,27077.2,2025-03-06,True
U00588,Kakamega,1,30794.09,2024-10-20,True
U00589,Mombasa,2,56346.05,2024-09-10,True
U00590,Nakuru,2,36684.59,2025-03-18,True
U00591,Kiambu,0,153536.78,2024-11-27,True
U00592,Uasin Gishu,0,30591.15,2024-05-10,True
U00593,Kisumu,3,82442.14,2025-03-03,True
U00594,Nairobi,2,39721.03,2024-09-12,True
U00595,Kisumu,2,11146.75,2025-03-23,True
U00596,Nakuru,2,118222.01,2025-02-22,True
U00597,Mombasa,3,62414.81,2024-06-07,True
U00598,Kakamega,4,22026.54,2025-01-17,True
U00599,Mombasa,1,31465.71,2025-02-04,True
U00600,Nakuru,3,23833.73,2024-05-24,True
U00601,Nakuru,0,19868.37,2024-02-04,True
U00602,Uasin Gishu,0,80096.91,2024-11-29,True
U00603,Kiambu,2,62759.54,2025-05-14,True
U00604,Kiambu,2,37669.73,2024-09-05,True
U00605,Nakuru,2,55241.22,2024-02-22,True
U00606,Kiambu,0,59531.28,2024-03-22,True
U00607,Kiambu,3,196180.24,2024-05-12,True
U00608,Uasin Gishu,2,71414.72,2024-04-08,True
U00609,Nairobi,2,25557.65,2025-03-16,True
U00610,Nairobi,2,51600.26,2024-11-25,True
U00611,Kiambu,3,56242.72,2024-12-22,True
U00612,Nakuru,2,58989.11,2024-09-01,True
U00613,Kiambu,4,120312.33,2025-04-04,True
U00614,Mombasa,0,40824.39,2024-07-29,True
U00615,Nairobi,2,56675.14,2025-06-02,True
U00616,Uasin Gishu,0,59475.12,2024-12-15,True
U00617,Nakuru,2,95769.03,2025-01-19,True
U00618,Machakos,0,38029.06,2024-12-29,True
U00619,Machakos,1,80761.93,2024-06-27,True
U00620,Mombasa,2,29452.64,2024-03-10,True
U00621,Kisumu,0,96162.48,2024-02-23,True
U00622,Kisumu,2,50408.73,2024-01-31,True
U00623,Nakuru,0,76828.56,2025-06-21,True
U00624,Nairobi,3,37367.36,2025-01-19,True
U00625,Mombasa,0,42620.44,2024-07-10,True
U00626,Machakos,3,70134.35,2024-01-31,True
U00627,Kakamega,2,82810.75,2024-03-17,True
U00628,Nairobi,0,32094.05,2024-04-11,True
U00629,Kiambu,4,30132.44,2025-01-18,True
U00630,Uasin Gishu,0,46635.87,2024-07-15,True
U00631,Machakos,0,53149.0,2024-09-22,True
U00632,Kiambu,0,79539.92,2025-04-11,True
U00633,Kiambu,2,63298.61,2024-10-25,True
U00634,Kisumu,0,68308.25,2024-02-20,True
U00635,Machakos,2,67451.79,2025-05-10,True
U00636,Kiambu,0,28380.44,2024-02-03,True
U00637,Kakamega,2,37768.85,2025-03-02,True
U00638,Kisumu,1,40411.46,2024-01-08,True
U00639,Nairobi,2,68290.92,2025-02-14,True
U00640,Nakuru,2,34280.25,2024-04-15,True
U00641,Kiambu,0,35887.52,2024-10-06,True
U00642,Kiambu,1,36956.38,2024-06-02,True
U00643,Uasin Gishu,1,23669.66,2025-05-11,True
U00644,Mombasa,3,84445.58,2025-03-09,True
U00645,Nakuru,1,59034.03,2024-05-26,True
U00646,Machakos,2,68260.66,2024-06-15,True
U00647,Mombasa,1,26042.64,2024-02-08,True
U00648,Kakamega,4,39325.68,2025-02-16,True
U00649,Kiambu,2,41861.38,2024-12-12,True
U00650,Nakuru,1,60644.69,2024-10-15,True
U00651,Nairobi,0,44285.38,2024-05-28,True
U00652,Kiambu,0,92180.51,2024-08-15,True
U00653,Uasin Gishu,1,78950.14,2024-11-08,True
U00654,Kakamega,1,48224.39,2024-09-25,True
U00655,Nakuru,4,23457.65,2024-05-18,True
U00656,Kiambu,2,29165.97,2024-01-14,True
U00657,Kisumu,2,75610.59,2024-10-21,True
U00658,Machakos,0,53867.72,2024-02-24,True
U00659,Machakos,3,22228.08,2025-01-17,True
U00660,Nairobi,1,27643.88,2025-04-03,True
U00661,Uasin Gishu,0,112412.35,2024-01-15,True
U00662,Kisumu,1,60320.81,2025-04-21,True
U00663,Mombasa,0,53917.34,2024-03-26,True
U00664,Kiambu,2,47789.16,2024-11-14,True
U00665,Kakamega,1,13132.59,2024-01-21,True
U00666,Kakamega,2,30849.67,2024-09-16,True
U00667,Mombasa,2,99400.28,2024-11-11,True
U00668,Mombasa,0,41961.46,2024-12-15,True
U00669,Machakos,0,45162.89,2025-04-06,True
U00670,Uasin Gishu,1,76285.97,2025-05-09,True
U00671,Nakuru,2,70549.14,2025-05-13,True
U00672,Kakamega,1,38083.22,2025-05-25,True
U00673,Kiambu,0,36449.0,2025-06-10,True
U00674,Uasin Gishu,2,49841.17,2024-02-29,True
U00675,Nakuru,3,49619.13,2024-10-09,True
U00676,Mombasa,1,19527.0,2024-05-15,True
U00677,Kisumu,0,65778.08,2024-10-03,True
U00678,Nairobi,0,151471.71,2025-02-28,True
U00679,Mombasa,1,60736.1,2024-12-21,True
U00680,Machakos,3,73545.36,2025-04-19,True
U00681,Kakamega,0,83804.54,2025-06-15,True
U00682,Nakuru,0,13825.76,2024-06-23,True
U00683,Nairobi,1,60870.48,2024-01-22,True
U00684,Uasin Gishu,1,19547.71,2025-02-12,True
U00685,Uasin Gishu,0,64178.9,2024-01-01,True
U00686,Kiambu,0,62997.68,2025-05-02,True
U00687,Mombasa,1,54379.13,2024-01-04,True
U00688,Nakuru,1,18531.42,2024-06-11,True
U00689,Machakos,1,28407.4,2024-10-25,True
U00690,Nakuru,4,75400.73,2025-05-05,True
U00691,Nairobi,2,88460.73,2025-03-28,True
U00692,Mombasa,0,53875.44,2025-02-06,True
U00693,Mombasa,3,29983.7,2024-03-10,True
U00694,Nakuru,1,94133.88,2025-04-06,True
U00695,Kakamega,2,197061.5,2025-01-22,True
U00696,Nakuru,4,74067.75,2024-05-30,True
U00697,Nakuru,2,23700.86,2025-05-11,True
U00698,Machakos,1,134631.36,2025-02-17,True
U00699,Machakos,1,85805.82,2024-09-30,True
U00700,Kakamega,0,41050.56,2024-09-18,True
U00701,Uasin Gishu,3,101676.62,2025-01-15,True
U00702,Kiambu,3,80570.1,2024-06-12,True
U00703,Kiambu,1,69041.67,2024-06-27,True
U00704,Kiambu,3,88184.53,2025-04-05,True
U00705,Mombasa,3,26812.3,2024-06-06,True
U00706,Nakuru,2,48386.36,2024-10-04,True
U00707,Mombasa,3,89099.3,2025-06-09,True
U00708,Kiambu,2,46243.39,2024-06-14,True
U00709,Mombasa,1,121669.71,2024-06-23,True
U00710,Kiambu,2,73075.34,2024-02-09,True
U00711,Nakuru,3,52349.36,2025-05-09,True
U00712,Nakuru,3,27084.42,2024-06-07,True
U00713,Mombasa,4,67025.9,2024-01-24,True
U00714,Mombasa,1,79052.59,2024-03-11,True
U00715,Kisumu,0,30314.94,2024-03-18,True
U00716,Nakuru,2,45033.7,2024-06-25,True
U00717,Nakuru,0,62071.62,2024-07-16,True
U00718,Kiambu,1,33670.36,2024-05-29,True
U00719,Machakos,2,40336.83,2025-04-22,True
U00720,Machakos,2,63843.05,2025-06-05,True
U00721,Kisumu,0,83735.42,2025-03-19,True
U00722,Uasin Gishu,3,28884.9,2024-01-17,True
U00723,Mombasa,1,117750.33,2024-07-08,True
U00724,Kakamega,1,66923.04,2024-04-23,True
U00725,Kisumu,1,49064.54,2024-03-26,True
U00726,Kakamega,3,56953.58,2025-05-05,True
U00727,Mombasa,0,53247.3,2024-04-24,True
U00728,Machakos,1,30083.35,2024-11-25,True
U00729,Mombasa,2,70480.87,2024-06-22,True
U00730,Nairobi,1,22556.56,2024-04-02,True
U00731,Kisumu,4,112155.39,2024-07-06,True
U00732,Kiambu,0,81206.52,2024-11-20,True
U00733,Mombasa,0,42690.17,2024-06-10,True
U00734,Nairobi,2,115309.66,2024-05-11,True
U00735,Uasin Gishu,2,32221.71,2024-06-27,True
U00736,Kiambu,4,54048.5,2025-02-13,True
U00737,Nakuru,3,92197.36,2025-01-29,True
U00738,Kisumu,3,43506.78,2024-10-05,True
U00739,Machakos,0,116677.09,2025-06-03,True
U00740,Kiambu,2,115251.15,2025-05-04,True
U00741,Kiambu,2,60678.74,2024-05-17,True
U00742,Nakuru,3,42141.51,2024-04-12,True
U00743,Kiambu,3,65743.04,2024-05-15,True
U00744,Uasin Gishu,1,45744.05,2024-10-03,True
U00745,Nakuru,0,63993.73,2024-05-21,True
U00746,Nakuru,0,26927.18,2024-06-25,True
U00747,Machakos,1,63601.11,2024-10-03,True
U00748,Mombasa,2,28271.88,2025-06-03,True
U00749,Nakuru,0,45696.29,2025-01-15,True
U00750,Nakuru,4,32606.53,2025-03-27,True
U00751,Kiambu,0,32267.81,2025-06-02,True
U00752,Uasin Gishu,0,41247.62,2024-06-24,True
U00753,Kisumu,2,72631.6,2024-12-16,True
U00754,Mombasa,1,84090.55,2024-04-21,True
U00755,Nakuru,2,70254.74,2024-12-25,True
U00756,Machakos,2,52954.7,2024-03-15,True
U00757,Kakamega,0,61640.11,2024-08-19,True
U00758,Nakuru,1,36623.5,2024-12-04,True
U00759,Mombasa,1,36313.03,2024-05-26,True
U00760,Nakuru,1,19151.56,2024-12-01,True
U00761,Uasin Gishu,0,32146.68,2025-01-05,True
U00762,Machakos,2,41863.99,2024-12-13,True
U00763,Kisumu,1,76367.19,2024-05-07,True
U00764,Machakos,2,77662.14,2024-07-30,True
U00765,Uasin Gishu,0,21729.34,2025-01-16,True
U00766,Nairobi,4,36368.67,2024-07-04,True
U00767,Kiambu,1,19021.67,2024-11-30,True
U00768,Machakos,4,38963.22,2024-03-05,True
U00769,Kiambu,1,123496.2,2024-01-11,True
U00770,Kakamega,4,58945.49,2024-09-07,True
U00771,Machakos,0,39184.26,2025-05-16,True
U00772,Uasin Gishu,3,10740.02,2024-10-09,True
U00773,Machakos,0,54105.21,2024-03-13,True
U00774,Kiambu,1,41733.07,2024-10-13,True
U00775,Kisumu,3,42636.97,2024-10-22,True
U00776,Mombasa,1,45965.15,2024-07-27,True
U00777,Nakuru,1,25796.23,2024-12-22,True
U00778,Mombasa,0,121021.43,2025-05-13,True
U00779,Nairobi,3,54542.06,2024-03-15,True
U00780,Uasin Gishu,1,47708.39,2024-01-20,True
U00781,Nakuru,0,30664.7,2024-09-25,True
U00782,Mombasa,0,57928.1,2024-11-24,True
U00783,Machakos,1,58028.23,2025-04-17,True
U00784,Machakos,0,18176.26,2025-01-21,True
U00785,Uasin Gishu,1,62015.21,2024-02-27,True
U00786,Kakamega,1,20744.46,2024-05-27,True
U00787,Kiambu,0,25749.34,2024-08-21,True
U00788,Uasin Gishu,0,89791.33,2024-04-16,True
U00789,Uasin Gishu,2,39395.46,2024-09-23,True
U00790,Kiambu,1,29471.41,2024-05-06,True
U00791,Nairobi,4,42189.52,2025-06-18,True
U00792,Machakos,0,41128.47,2024-06-23,True
U00793,Uasin Gishu,0,25673.96,2024-07-02,True
U00794,Nakuru,1,23170.23,2024-05-10,True
U00795,Nakuru,2,54101.26,2024-03-28,True
U00796,Kisumu,2,72537.2,2024-01-24,True
U00797,Kakamega,2,19043.91,2024-02-17,True
U00798,Nakuru,3,87676.37,2025-05-02,True
U00799,Kisumu,3,52213.8,2024-09-16,True
U00800,Kiambu,0,58742.53,2024-10-21,True
U00801,Kisumu,3,17019.9,2024-07-23,True
U00802,Uasin Gishu,1,43877.51,2025-05-14,True
U00803,Nairobi,4,102824.81,2025-01-22,True
U00804,Uasin Gishu,3,60470.32,2025-03-23,True
U00805,Nakuru,4,26968.57,2025-03-08,True
U00806,Kiambu,3,59945.69,2024-03-05,True
U00807,Kakamega,1,36450.64,2024-04-07,True
U00808,Nairobi,1,49185.71,2024-01-16,True
U00809,Kakamega,1,53384.9,2024-08-31,True
U00810,Nakuru,3,40503.73,2024-10-18,True
U00811,Uasin Gishu,0,39752.05,2024-04-06,True
U00812,Kiambu,1,61236.17,2024-04-28,True
U00813,Kisumu,1,65119.53,2025-05-03,True
U00814,Mombasa,0,80373.75,2025-05-05,True
U00815,Nakuru,1,81553.06,2024-10-07,True
U00816,Mombasa,0,26120.83,2025-02-18,True
U00817,Kisumu,4,71306.12,2024-09-18,True
U00818,Nakuru,0,66161.11,2025-06-22,True
U00819,Kisumu,2,49809.84,2025-05-05,True
U00820,Kiambu,0,51788.4,2024-10-02,True
U00821,Kiambu,1,38590.54,2025-03-05,True
U00822,Kisumu,0,62639.63,2024-09-13,True
U00823,Nairobi,0,48384.73,2024-08-12,True
U00824,Uasin Gishu,0,52066.64,2024-11-09,True
U00825,Kiambu,1,66208.92,2024-04-21,True
U00826,Kiambu,0,46694.89,2024-12-10,True
U00827,Uasin Gishu,4,28912.25,2024-09-05,True
U00828,Uasin Gishu,2,83682.54,2025-03-02,True
U00829,Uasin Gishu,2,45012.54,2025-04-30,True
U00830,Nakuru,3,167535.87,2025-05-11,True
U00831,Kakamega,0,15879.53,2024-09-23,True
U00832,Kakamega,1,57184.74,2024-05-31,True
U00833,Kakamega,0,64214.79,2024-02-25,True
U00834,Nairobi,2,81415.75,2025-02-06,True
U00835,Uasin Gishu,2,32556.97,2024-04-19,True
U00836,Kisumu,0,35262.26,2024-11-02,True
U00837,Mombasa,0,52474.54,2025-01-04,True
U00838,Machakos,3,81714.45,2024-04-27,True
U00839,Nakuru,4,34263.97,2024-05-18,True
U00840,Uasin Gishu,0,41990.57,2024-02-06,True
U00841,Uasin Gishu,3,99367.31,2024-12-19,True
U00842,Kisumu,0,19386.48,2025-01-22,True
U00843,Kisumu,1,34501.67,2025-03-08,True
U00844,Nairobi,0,76941.96,2025-04-01,True
U00845,Kakamega,4,37021.84,2024-05-30,True
U00846,Kakamega,1,55289.19,2025-01-05,True
U00847,Nairobi,4,36846.23,2025-02-12,True
U00848,Nairobi,0,72051.98,2024-04-24,True
U00849,Kisumu,0,23070.08,2025-01-13,True
U00850,Nairobi,0,48914.17,2025-04-29,True
U00851,Kakamega,0,57542.79,2024-11-22,True
U00852,Kisumu,1,20414.12,2025-03-13,True
U00853,Mombasa,1,74158.03,2025-01-06,True
U00854,Uasin Gishu,0,74146.76,2024-01-07,True
U00855,Nairobi,1,81196.87,2024-12-04,True
U00856,Nakuru,4,62282.28,2024-11-30,True
U00857,Kisumu,2,303978.11,2025-03-21,True
U00858,Kakamega,0,122504.31,2024-10-24,True
U00859,Kakamega,4,24705.4,2024-02-24,True
U00860,Uasin Gishu,0,51530.16,2024-02-07,True
U00861,Kakamega,0,22621.97,2024-03-09,True
U00862,Mombasa,2,54273.57,2025-05-27,True
U00863,Kisumu,0,43408.29,2024-04-08,True
U00864,Kiambu,4,90378.05,2025-01-08,True
U00865,Uasin Gishu,2,53426.39,2024-05-11,True
U00866,Nakuru,2,36833.95,2024-09-13,True
U00867,Kakamega,1,20829.76,2024-03-05,True
U00868,Nakuru,0,38718.13,2025-01-25,True
U00869,Machakos,0,101334.83,2024-06-21,True
U00870,Kisumu,0,127569.93,2024-06-12,True
U00871,Nairobi,1,46956.61,2025-02-14,True
U00872,Kisumu,2,64456.42,2024-04-07,True
U00873,Machakos,0,36595.67,2025-02-07,True
U00874,Kisumu,1,50301.75,2025-05-11,True
U00875,Uasin Gishu,2,54449.43,2024-01-29,True
U00876,Kakamega,0,40716.49,2024-01-08,True
U00877,Kisumu,0,33925.59,2024-11-27,True
U00878,Kisumu,0,39430.17,2024-03-15,True
U00879,Machakos,1,128262.08,2025-03-24,True
U00880,Nakuru,1,29929.95,2024-05-07,True
U00881,Kiambu,3,17170.2,2025-04-19,True
U00882,Nakuru,2,58338.01,2024-09-21,True
U00883,Kisumu,2,45064.46,2024-12-18,True
U00884,Uasin Gishu,0,30112.01,2024-11-11,True
U00885,Mombasa,4,66867.8,2024-06-25,True
U00886,Mombasa,4,93847.43,2024-12-21,True
U00887,Nairobi,0,25461.16,2024-12-15,True
U00888,Kakamega,3,12479.52,2024-05-08,True
U00889,Machakos,0,136101.73,2025-03-02,True
U00890,Kiambu,1,42741.63,2024-03-01,True
U00891,Kiambu,0,58248.91,2025-06-21,True
U00892,Nairobi,3,68710.94,2024-09-23,True
U00893,Machakos,1,45472.93,2024-11-29,True
U00894,Machakos,2,93907.19,2024-04-11,True
U00895,Machakos,0,102449.44,2025-04-18,True
U00896,Machakos,2,28991.84,2024-06-10,True
U00897,Kakamega,3,79166.84,2025-02-21,True
U00898,Kakamega,0,62534.18,2025-01-02,True
U00899,Kisumu,1,48845.16,2024-12-19,True
